{"eval_p": 0.5528196981731534, "eval_r": 0.6657101865136298, "eval_f1": 0.604035582555869, "eval_loss": 0.36567024141550064}