{"eval_p": 0.5575661165241599, "eval_r": 0.670492587278814, "eval_f1": 0.6088372597980675, "eval_loss": 0.36275691029272583}