{"eval_p": 0.841842397336293, "eval_r": 0.8590033975084937, "eval_f1": 0.8503363228699552, "eval_loss": 0.058001710203825496}