{"eval_p": 0.856416054267948, "eval_r": 0.8578708946772367, "eval_f1": 0.8571428571428571, "eval_loss": 0.07606957742245868}