{"eval_p": 0.6586068654472563, "eval_r": 0.7714998532433226, "eval_f1": 0.7105974587726412, "eval_loss": 0.44442777139575856}