{"eval_p": 0.5947993447993448, "eval_r": 0.6946437111429938, "eval_f1": 0.6408559452900949, "eval_loss": 0.3966069833228463}