{"eval_p": 0.8322475570032574, "eval_r": 0.8680634201585504, "eval_f1": 0.8497782705099778, "eval_loss": 0.043365424702642485}