{"eval_p": 0.8554555680539933, "eval_r": 0.861268403171008, "eval_f1": 0.8583521444695259, "eval_loss": 0.05194639081310015}