{"eval_p": 0.837882096069869, "eval_r": 0.8691959229898075, "eval_f1": 0.8532518065591994, "eval_loss": 0.050786182648153044}