{"eval_p": 0.5794792071511854, "eval_r": 0.7130559540889526, "eval_f1": 0.6393653516295025, "eval_loss": 0.4226991244052586}