{"eval_p": 0.5190794649881982, "eval_r": 0.6310377809660449, "eval_f1": 0.5696093244118282, "eval_loss": 0.36779031667270157}