{"eval_p": 0.5865326633165829, "eval_r": 0.6977522716403635, "eval_f1": 0.637326635360926, "eval_loss": 0.3943875120266488}