{"eval_p": 0.8482989403234802, "eval_r": 0.861268403171008, "eval_f1": 0.8547344759763977, "eval_loss": 0.07890071123256348}